"serial_number","id","gallery_culinary"
1,RM001,s1.JPG
1,RM004,mut1.JPG
1,RM003,om1.jpg
1,RM005,mp1.jpg
1,RM007,p.JPG
1,RM006,a.JPG
1,RM008,rm.jpg
1,RM010,r1.JPG
1,RM009,s.jpg
1,RM011,f1.JPG
1,RM013,gon1.JPG
1,RM012,prn1.jpg
1,RM014,te1.JPG
1,RM016,k1.JPG
1,RM015,l1.JPG
1,RM017,bj1.JPG
1,RM019,simp1.jpg
1,RM018,d1.jpg
1,RM020,sl1.jpg
1,RM021,spg1.jpg
1,RM024,aaaz.JPG
1,RM023,pc1.jpg
1,RM025,tn1.jpg
1,RM029,sa1.JPG
1,RM028,az.JPG
1,RM030,m1.JPG
1,RM032,ra1.JPG
1,RM031,k2.jpg
1,RM033,sar1.jpg
1,RM036,as.JPG
1,RM035,k1.jpg
2,RM003,om2.jpg
2,RM001,s2.JPG
2,RM004,mut2.JPG
2,RM007,poo.jpg
2,RM005,mp2.jpg
2,RM008,fm1.JPG
2,RM010,so2.jpg
2,RM009,ssx.jpg
2,RM011,f2.JPG
2,RM012,prn2.jpg
2,RM014,te2.JPG
2,RM013,gon2.JPG
2,RM015,l2.JPG
2,RM017,bj2.JPG
2,RM016,k2.jpg
2,RM018,d2.jpg
2,RM020,sl2.jpg
2,RM019,simp2.jpg
2,RM021,spg2.jpg
2,RM024,zx.jpg
2,RM023,pc2.jpg
2,RM025,tn2.jpg
2,RM029,sa2.JPG
2,RM028,azz.JPG
2,RM030,mn2.jpg
2,RM032,ra2.jpg
2,RM031,k2a.JPG
2,RM033,sar2.jpg
2,RM036,aaaa.JPG
2,RM035,k2.jpg
3,RM001,s3.JPG
3,RM004,mut3.jpg
3,RM003,om3.jpg
3,RM005,mp3.jpg
3,RM007,ppo.JPG
3,RM009,sr.jpg
3,RM008,fm2.JPG
3,RM010,so3.jpg
3,RM012,prn3.jpg
3,RM011,fm3.jpg
3,RM013,gon3.jpg
3,RM015,l3.jpg
3,RM014,te3.JPG
3,RM016,k3.JPG
3,RM017,bj3.JPG
3,RM019,simp3.jpg
3,RM018,d3.JPG
3,RM020,sl3.jpg
3,RM023,pc3.jpg
3,RM021,spg3.jpg
3,RM025,tn3.jpg
3,RM029,sa3.JPG
3,RM031,k3.jpg
3,RM030,mn3.jpg
3,RM033,sar3.jpg
4,RM001,s4.JPG
3,RM036,gn.jpg
4,RM003,om4.jpg
4,RM005,mp4.jpg
4,RM004,mut4.jpg
4,RM010,so4.jpg
4,RM015,l4.jpg
4,RM011,fm4.jpg
4,RM017,bj4.JPG
4,RM020,sl4.jpg
4,RM019,simp4.jpg
4,RM029,sa4.JPG
5,RM005,mp5.jpg
4,RM033,sar4.jpg
5,RM011,fm5.jpg
5,RM017,bj5.JPG
5,RM020,sl5.jpg
5,RM019,simp5.jpg
5,RM029,sa5.JPG
6,RM017,bj6.JPG
6,RM011,fm6.jpg
6,RM019,simp6.jpg
6,RM029,sa6.JPG
6,RM020,sl6.jpg
7,RM011,fm7.jpg
7,RM019,simp7.jpg
7,RM029,sa7.JPG
1,RM037,kapau.jpg
1,RM038,ee.jpg
1,RM039,kp.jpg
1,RM040,ll.jpg
1,RM002,RM0021.jpg
