"serial_number","id","gallery_worship_place"
1,M0001,"1_masjid darussalam gurun panjang.jpg"
2,M0005,"4_masjid mukhlisin.jpg"
3,M0008,"2_masjid muslimin.jpg"
4,M0010,"5_masjid jamik mandiangin.jpg"
5,M0013,"7_masjid raya bkt.JPG"
6,M0001,dar1.jpg
7,M0001,dar2.jpg
8,M0001,dar3.jpg
9,M0001,dar4.jpg
10,M0001,dar5.jpg
11,M0038,abrar1.jpg
12,M0038,abrar2.jpg
13,M0038,abrar3.jpg
14,M0038,abrar4.jpg
15,M0038,abrar5.jpg
16,M0038,abrar6.jpg
17,M0011,M0011_masjid al ikhwan.JPG
1,M0039,barkah.JPG
2,M0039,barkah1.JPG
3,M0039,IMG_2998.JPG
4,M0039,IMG_3000.JPG
5,M0039,IMG_3001.JPG
6,M0039,IMG_3002.JPG
7,M0039,IMG_3004.JPG
8,M0039,IMG_3005.JPG
9,M0039,IMG_3009.JPG
10,M0039,IMG_3012.JPG
11,M0039,IMG_3018.JPG
1,M0028,IMG_2643.JPG
2,M0028,IMG_2644.JPG
3,M0028,IMG_2645.JPG
4,M0028,IMG_2646.JPG
5,M0028,IMG_2647.JPG
6,M0028,IMG_2650.JPG
7,M0028,IMG_2653.JPG
8,M0028,IMG_2654.JPG
9,M0028,IMG_2656.JPG
10,M0028,IMG_2664.JPG
1,M0040,IMG_2725.JPG
2,M0040,IMG_2729.JPG
3,M0040,IMG_2733.JPG
4,M0040,IMG_2734.JPG
5,M0040,IMG_2736.JPG
6,M0040,IMG_2741.JPG
18,M0011,IMG_2692.JPG
19,M0011,IMG_2695.JPG
20,M0011,IMG_2698.JPG
21,M0011,IMG_2699.JPG
22,M0011,IMG_2700.JPG
23,M0011,IMG_2707.JPG
24,M0011,IMG_2708.JPG
25,M0011,IMG_2710.JPG
26,M0011,IMG_2711.JPG
27,M0011,IMG_2723.JPG
1,M0030,IMG_2629.JPG
2,M0030,IMG_2630.JPG
3,M0030,IMG_2632.JPG
4,M0030,IMG_2634.JPG
5,M0030,IMG_2637.JPG
6,M0030,IMG_2639.JPG
7,M0030,IMG_2641.JPG
1,M0041,IMG_2667.JPG
2,M0041,IMG_2668.JPG
3,M0041,IMG_2670.JPG
4,M0041,IMG_2674.JPG
5,M0041,IMG_2675.JPG
6,M0041,IMG_2676.JPG
7,M0041,IMG_2678.JPG
8,M0041,IMG_2681.JPG
9,M0041,IMG_2683.JPG
10,M0041,IMG_2687.JPG
11,M0041,IMG_2691.JPG
1,M0042,IMG_2774.JPG
2,M0042,IMG_2775.JPG
3,M0042,IMG_2776.JPG
4,M0042,IMG_2777.JPG
5,M0042,IMG_2779.JPG
6,M0042,IMG_2780.JPG
7,M0042,IMG_2781.JPG
8,M0042,IMG_2782.JPG
9,M0042,IMG_2784.JPG
10,M0042,IMG_2789.JPG
11,M0042,IMG_2790.JPG
12,M0042,IMG_2794.JPG
13,M0042,IMG_2796.JPG
14,M0042,IMG_2797.JPG
1,M0043,IMG_2875.JPG
2,M0043,IMG_2877.JPG
3,M0043,IMG_2878.JPG
1,M0023,IMG_2847.JPG
2,M0023,IMG_2848.JPG
3,M0023,IMG_2849.JPG
4,M0023,IMG_2853.JPG
5,M0023,IMG_2854.JPG
6,M0023,IMG_2860.JPG
7,M0023,IMG_2861.JPG
8,M0023,IMG_2863.JPG
9,M0023,IMG_2864.JPG
10,M0023,IMG_2867.JPG
11,M0023,IMG_2869.JPG
12,M0023,IMG_2870.JPG
1,M0044,IMG_2881.JPG
2,M0044,IMG_2882.JPG
3,M0044,IMG_2883.JPG
4,M0044,IMG_2884.JPG
5,M0044,IMG_2886.JPG
6,M0044,IMG_2887.JPG
7,M0044,IMG_2888.JPG
8,M0044,IMG_2889.JPG
9,M0044,IMG_2891.JPG
10,M0044,IMG_2892.JPG
11,M0044,IMG_2894.JPG
12,M0044,IMG_2900.JPG
13,M0044,IMG_2904.JPG
1,M0045,IMG_2608.JPG
2,M0045,IMG_2610.JPG
3,M0045,IMG_2611.JPG
4,M0045,IMG_2613.JPG
5,M0045,IMG_2616.JPG
6,M0045,IMG_2617.JPG
7,M0045,IMG_2620.JPG
8,M0045,IMG_2621.JPG
9,M0045,IMG_2623.JPG
10,M0045,IMG_2624.JPG
11,M0045,IMG_2628.JPG
1,M0006,IMG_2987.JPG
2,M0006,IMG_2988.JPG
3,M0006,IMG_2990.JPG
5,M0010,IMG_2406.JPG
6,M0010,IMG_2407.JPG
7,M0010,IMG_2408.JPG
8,M0010,IMG_2410.JPG
9,M0010,IMG_2412.JPG
10,M0010,IMG_2415.JPG
11,M0010,IMG_2416.JPG
12,M0010,IMG_2420.JPG
13,M0010,IMG_2429.JPG
14,M0010,IMG_2430.JPG
15,M0010,IMG_2434.JPG
16,M0010,IMG_2436.JPG
17,M0010,IMG_2438.JPG
18,M0010,IMG_2445.JPG
1,M0017,IMG_2366.JPG
2,M0017,IMG_2368.JPG
3,M0017,IMG_2370.JPG
4,M0017,IMG_2372.JPG
5,M0017,IMG_2373.JPG
6,M0017,IMG_2375.JPG
7,M0017,IMG_2376.JPG
8,M0017,IMG_2379.JPG
9,M0017,IMG_2385.JPG
10,M0017,IMG_2389.JPG
11,M0017,IMG_2391.JPG
12,M0017,IMG_2395.JPG
13,M0017,IMG_2398.JPG
3,M0005,IMG_2937.JPG
4,M0005,IMG_2939.JPG
5,M0005,IMG_2940.JPG
6,M0005,IMG_2941.JPG
7,M0005,IMG_2944.JPG
8,M0005,IMG_2946.JPG
9,M0005,IMG_2947.JPG
10,M0005,IMG_2950.JPG
11,M0005,IMG_2953.JPG
12,M0005,IMG_2953.JPG
13,M0005,IMG_2954.JPG
14,M0005,IMG_2958.JPG
4,M0008,IMG_2801.JPG
5,M0008,IMG_2804.JPG
6,M0008,IMG_2807.JPG
7,M0008,IMG_2808.JPG
8,M0008,IMG_2810.JPG
9,M0008,IMG_2815.JPG
10,M0008,IMG_2817.JPG
1,M0024,IMG_2463.JPG
2,M0024,IMG_2464.JPG
3,M0024,IMG_2465.JPG
4,M0024,IMG_2470.JPG
5,M0024,IMG_2472.JPG
6,M0024,IMG_2475.JPG
7,M0024,IMG_2477.JPG
8,M0024,IMG_2481.JPG
9,M0024,IMG_2485.JPG
10,M0024,IMG_2488.JPG
11,M0024,IMG_2491.JPG
12,M0024,IMG_2494.JPG
13,M0024,IMG_2497.JPG
1,M0007,IMG_2580.JPG
2,M0007,IMG_2584.JPG
3,M0007,IMG_2593.JPG
4,M0007,IMG_2595.JPG
5,M0007,IMG_2597.JPG
6,M0007,IMG_2599.JPG
7,M0007,IMG_2600.JPG
8,M0007,IMG_2601.JPG
9,M0007,IMG_2602.JPG
10,M0007,IMG_2603.JPG
11,M0007,IMG_2604.JPG
12,M0007,IMG_2607.JPG
1,M0050,IMG_2906.JPG
2,M0050,IMG_2908.JPG
3,M0050,IMG_2909.JPG
4,M0050,IMG_2909.JPG
1,M0029,IMG_2799.JPG
1,M0034,IMG_2747.JPG
1,M0036,IMG_2834.JPG
1,M0032,IMG_2546.JPG
2,M0032,IMG_2550.JPG
3,M0032,IMG_2551.JPG
4,M0032,IMG_2552.JPG
5,M0032,IMG_2554.JPG
6,M0032,IMG_2557.JPG
7,M0032,IMG_2558.JPG
1,M0004,IMG_2841.JPG
2,M0004,IMG_2842.JPG
3,M0004,IMG_2843.JPG
4,M0004,IMG_2844.JPG
1,M0038,"40_masjid al abrar.JPG"
1,M0012,nurulhaq.jpg
